[{"model": "sites.site", "fields": {"domain": "example.com", "name": "example.com"}}, {"model": "accounts.user", "fields": {"password": "pbkdf2_sha256$600000$dSpp5jE8Ao9vGnuFzRyozP$UZ+x+DIBg984bzzVOLYZCCswSbMFgiR0ZwKr5+XtqcM=", "last_login": "2025-08-14T03:48:32.846Z", "is_superuser": true, "username": "vince", "first_name": "", "last_name": "", "is_staff": true, "is_active": true, "date_joined": "2025-06-20T14:22:35.901Z", "email": "deresvince@gmail.com", "user_type": "ADMIN", "groups": [], "user_permissions": []}}, {"model": "accounts.user", "fields": {"password": "pbkdf2_sha256$600000$4Svei2lH289pmzeAID9YOf$z6KEDL2DdCun7gWNWhVX5wGnNleksv7i+RzYorDdRxE=", "last_login": "2025-06-20T14:54:20Z", "is_superuser": false, "username": "zapdoszxc", "first_name": "Vince Henry", "last_name": "Deres", "is_staff": false, "is_active": true, "date_joined": "2025-06-20T14:28:21Z", "email": "vincederes@gmail.com", "user_type": "ADVISER", "groups": [], "user_permissions": []}}, {"model": "accounts.user", "fields": {"password": "pbkdf2_sha256$600000$M7ldw1uVNFiqPfNppXm8lT$1jfjP2jcDNmyEV4HxWXqI69XB4hlCCDegC6LBoLH+GE=", "last_login": "2025-06-22T04:56:10.406Z", "is_superuser": false, "username": "vincederes", "first_name": "", "last_name": "", "is_staff": false, "is_active": true, "date_joined": "2025-06-20T14:38:00.293Z", "email": "vincehenryderes15@gmail.com", "user_type": "STUDENT", "groups": [], "user_permissions": []}}, {"model": "accounts.user", "fields": {"password": "pbkdf2_sha256$600000$DP2rWfgPoTIMpbp1EAtSiQ$8J5GUljIk+uHbwirLry919QlC4tOP9yUeSPAK/VRCRg=", "last_login": "2025-12-05T02:54:11.024Z", "is_superuser": false, "username": "coordinator", "first_name": "rem", "last_name": "rem", "is_staff": false, "is_active": true, "date_joined": "2025-06-24T03:47:21.703Z", "email": "coordinator@cvsu.edu.ph", "user_type": "COORDINATOR", "groups": [], "user_permissions": []}}, {"model": "accounts.user", "fields": {"password": "pbkdf2_sha256$600000$NPWsCncahBDVEHT3IPPJDb$HrGiAXJ34RWthgiL7YhZOoZ036gt3H1OtrfhB7ZymLo=", "last_login": "2025-11-01T02:25:57.465Z", "is_superuser": false, "username": "adviser", "first_name": "Vince Henry", "last_name": "Deres", "is_staff": false, "is_active": true, "date_joined": "2025-06-24T03:47:23.381Z", "email": "adviser@cvsu.edu.ph", "user_type": "ADVISER", "groups": [], "user_permissions": []}}, {"model": "accounts.user", "fields": {"password": "pbkdf2_sha256$600000$fUbMP6NZlYqmsqNq6gByA4$54IHbZblINIGpZ3xkp6+iWaSoBIWn0aQ5nSw4iH1dAI=", "last_login": "2025-12-05T02:57:19.468Z", "is_superuser": false, "username": "student", "first_name": "Vince Henry", "last_name": "Deres", "is_staff": false, "is_active": true, "date_joined": "2025-06-24T03:47:26Z", "email": "bc.vincehenry.deres@cvsu.edu.ph", "user_type": "STUDENT", "groups": [], "user_permissions": []}}, {"model": "accounts.user", "fields": {"password": "pbkdf2_sha256$600000$7KLhyKru21uzbL1U1tSNC8$bfYhUscrhB1Qirzcs7TPW3EJXOAZFD4dp/HhAEFDftM=", "last_login": "2025-06-27T06:43:20.032Z", "is_superuser": false, "username": "superadviser", "first_name": "", "last_name": "", "is_staff": false, "is_active": true, "date_joined": "2025-06-27T02:11:26.317Z", "email": "superadviser@test.com", "user_type": "ADVISER", "groups": [], "user_permissions": []}}, {"model": "accounts.user", "fields": {"password": "", "last_login": null, "is_superuser": false, "username": "adviser_bsit", "first_name": "Default", "last_name": "Adviser BSIT", "is_staff": false, "is_active": true, "date_joined": "2025-06-27T02:27:30.690Z", "email": "adviser_bsit@cvsu.edu.ph", "user_type": "ADVISER", "groups": [], "user_permissions": []}}, {"model": "accounts.user", "fields": {"password": "", "last_login": null, "is_superuser": false, "username": "adviser_bscs", "first_name": "Default", "last_name": "Adviser BSCS", "is_staff": false, "is_active": true, "date_joined": "2025-06-27T02:29:38.692Z", "email": "adviser_bscs@cvsu.edu.ph", "user_type": "ADVISER", "groups": [], "user_permissions": []}}, {"model": "accounts.user", "fields": {"password": "", "last_login": null, "is_superuser": false, "username": "adviser_bspsy", "first_name": "Default", "last_name": "Adviser BSPSY", "is_staff": false, "is_active": true, "date_joined": "2025-06-27T02:31:28.807Z", "email": "adviser_bspsy@cvsu.edu.ph", "user_type": "ADVISER", "groups": [], "user_permissions": []}}, {"model": "accounts.user", "fields": {"password": "", "last_login": null, "is_superuser": false, "username": "adviser_bscrim", "first_name": "Default", "last_name": "Adviser BSCRIM", "is_staff": false, "is_active": true, "date_joined": "2025-06-27T02:31:35.818Z", "email": "adviser_bscrim@cvsu.edu.ph", "user_type": "ADVISER", "groups": [], "user_permissions": []}}, {"model": "accounts.user", "fields": {"password": "", "last_login": null, "is_superuser": false, "username": "adviser_bsed_math", "first_name": "Default", "last_name": "Adviser BSED_MATH", "is_staff": false, "is_active": true, "date_joined": "2025-06-27T02:31:42.213Z", "email": "adviser_bsed_math@cvsu.edu.ph", "user_type": "ADVISER", "groups": [], "user_permissions": []}}, {"model": "accounts.user", "fields": {"password": "", "last_login": null, "is_superuser": false, "username": "adviser_bsed_eng", "first_name": "Default", "last_name": "Adviser BSED_ENG", "is_staff": false, "is_active": true, "date_joined": "2025-06-27T02:31:48.514Z", "email": "adviser_bsed_eng@cvsu.edu.ph", "user_type": "ADVISER", "groups": [], "user_permissions": []}}, {"model": "accounts.user", "fields": {"password": "", "last_login": null, "is_superuser": false, "username": "adviser_bshm", "first_name": "Default", "last_name": "Adviser BSHM", "is_staff": false, "is_active": true, "date_joined": "2025-06-27T02:31:54.985Z", "email": "adviser_bshm@cvsu.edu.ph", "user_type": "ADVISER", "groups": [], "user_permissions": []}}, {"model": "accounts.user", "fields": {"password": "", "last_login": null, "is_superuser": false, "username": "adviser_bsbm_mkt", "first_name": "Default", "last_name": "Adviser BSBM_MKT", "is_staff": false, "is_active": true, "date_joined": "2025-06-27T02:32:01.958Z", "email": "adviser_bsbm_mkt@cvsu.edu.ph", "user_type": "ADVISER", "groups": [], "user_permissions": []}}, {"model": "accounts.user", "fields": {"password": "", "last_login": null, "is_superuser": false, "username": "adviser_bsbm_hr", "first_name": "Default", "last_name": "Adviser BSBM_HR", "is_staff": false, "is_active": true, "date_joined": "2025-06-27T02:32:08.494Z", "email": "adviser_bsbm_hr@cvsu.edu.ph", "user_type": "ADVISER", "groups": [], "user_permissions": []}}, {"model": "accounts.user", "fields": {"password": "pbkdf2_sha256$600000$vvb279vnw2PW4Zove6lHeU$vJHKmVjrqgH6Yh85x7makTSFL7t4ntvXtJCx/NCdT30=", "last_login": "2025-07-10T03:27:09.446Z", "is_superuser": false, "username": "zapdos123", "first_name": "Vince Henry", "last_name": "Deres", "is_staff": false, "is_active": true, "date_joined": "2025-07-10T03:27:08.206Z", "email": "enoshimajunkodespair24@gmail.com", "user_type": "STUDENT", "groups": [], "user_permissions": []}}, {"model": "accounts.course", "pk": 10, "fields": {"code": "BSIT", "name": "Bachelor of Science in Information Technology", "required_ojt_hours": 300, "description": ""}}, {"model": "accounts.course", "pk": 11, "fields": {"code": "BSCS", "name": "Bachelor of Science in Computer Science", "required_ojt_hours": 300, "description": ""}}, {"model": "accounts.course", "pk": 15, "fields": {"code": "BSHM", "name": "Bachelor of Science in Hospitality Management", "required_ojt_hours": 486, "description": ""}}, {"model": "accounts.course", "pk": 30, "fields": {"code": "BSPSY", "name": "Bachelor of Science in Psychology", "required_ojt_hours": 486, "description": ""}}, {"model": "accounts.course", "pk": 31, "fields": {"code": "BSCRIM", "name": "Bachelor of Science in Criminology", "required_ojt_hours": 486, "description": ""}}, {"model": "accounts.course", "pk": 32, "fields": {"code": "BSED_MATH", "name": "Bachelor of Secondary Education (Math)", "required_ojt_hours": 486, "description": ""}}, {"model": "accounts.course", "pk": 33, "fields": {"code": "BSED_ENG", "name": "Bachelor of Secondary Education (English)", "required_ojt_hours": 486, "description": ""}}, {"model": "accounts.course", "pk": 34, "fields": {"code": "BSBM_MKT", "name": "BS in Business Management (Marketing)", "required_ojt_hours": 486, "description": ""}}, {"model": "accounts.course", "pk": 35, "fields": {"code": "BSBM_HR", "name": "BS in Business Management (Human Resources)", "required_ojt_hours": 486, "description": ""}}, {"model": "accounts.skill", "pk": 726, "fields": {"name": "Python Programming (BSIT)", "course": 10}}, {"model": "accounts.skill", "pk": 727, "fields": {"name": "Web Development (BSIT)", "course": 10}}, {"model": "accounts.skill", "pk": 728, "fields": {"name": "Database Management (BSIT)", "course": 10}}, {"model": "accounts.skill", "pk": 729, "fields": {"name": "Network Security (BSIT)", "course": 10}}, {"model": "accounts.skill", "pk": 730, "fields": {"name": "Mobile App Development (BSIT)", "course": 10}}, {"model": "accounts.skill", "pk": 731, "fields": {"name": "Cloud Computing (BSIT)", "course": 10}}, {"model": "accounts.skill", "pk": 732, "fields": {"name": "UI/UX Design (BSIT)", "course": 10}}, {"model": "accounts.skill", "pk": 733, "fields": {"name": "Data Structures (BSIT)", "course": 10}}, {"model": "accounts.skill", "pk": 734, "fields": {"name": "Algorithms (BSIT)", "course": 10}}, {"model": "accounts.skill", "pk": 735, "fields": {"name": "Software Engineering (BSIT)", "course": 10}}, {"model": "accounts.skill", "pk": 736, "fields": {"name": "Linux Administration (BSIT)", "course": 10}}, {"model": "accounts.skill", "pk": 737, "fields": {"name": "IT Support (BSIT)", "course": 10}}, {"model": "accounts.skill", "pk": 738, "fields": {"name": "Cybersecurity (BSIT)", "course": 10}}, {"model": "accounts.skill", "pk": 739, "fields": {"name": "Java Programming (BSIT)", "course": 10}}, {"model": "accounts.skill", "pk": 740, "fields": {"name": "C# Development (BSIT)", "course": 10}}, {"model": "accounts.skill", "pk": 741, "fields": {"name": "PHP Development (BSIT)", "course": 10}}, {"model": "accounts.skill", "pk": 742, "fields": {"name": "JavaScript (BSIT)", "course": 10}}, {"model": "accounts.skill", "pk": 743, "fields": {"name": "DevOps (BSIT)", "course": 10}}, {"model": "accounts.skill", "pk": 744, "fields": {"name": "Machine Learning (BSIT)", "course": 10}}, {"model": "accounts.skill", "pk": 745, "fields": {"name": "Data Analysis (BSIT)", "course": 10}}, {"model": "accounts.skill", "pk": 746, "fields": {"name": "API Integration (BSIT)", "course": 10}}, {"model": "accounts.skill", "pk": 747, "fields": {"name": "Version Control (Git) (BSIT)", "course": 10}}, {"model": "accounts.skill", "pk": 748, "fields": {"name": "Agile Methodologies (BSIT)", "course": 10}}, {"model": "accounts.skill", "pk": 749, "fields": {"name": "Technical Writing (BSIT)", "course": 10}}, {"model": "accounts.skill", "pk": 750, "fields": {"name": "Project Management (BSIT)", "course": 10}}, {"model": "accounts.skill", "pk": 751, "fields": {"name": "System Analysis (BSIT)", "course": 10}}, {"model": "accounts.skill", "pk": 752, "fields": {"name": "Computer Hardware (BSIT)", "course": 10}}, {"model": "accounts.skill", "pk": 753, "fields": {"name": "Virtualization (BSIT)", "course": 10}}, {"model": "accounts.skill", "pk": 754, "fields": {"name": "Shell Scripting (BSIT)", "course": 10}}, {"model": "accounts.skill", "pk": 755, "fields": {"name": "Troubleshooting (BSIT)", "course": 10}}, {"model": "accounts.skill", "pk": 756, "fields": {"name": "Artificial Intelligence (BSCS)", "course": 11}}, {"model": "accounts.skill", "pk": 757, "fields": {"name": "Machine Learning (BSCS)", "course": 11}}, {"model": "accounts.skill", "pk": 758, "fields": {"name": "Data Science (BSCS)", "course": 11}}, {"model": "accounts.skill", "pk": 759, "fields": {"name": "Computer Vision (BSCS)", "course": 11}}, {"model": "accounts.skill", "pk": 760, "fields": {"name": "Natural Language Processing (BSCS)", "course": 11}}, {"model": "accounts.skill", "pk": 761, "fields": {"name": "Software Architecture (BSCS)", "course": 11}}, {"model": "accounts.skill", "pk": 762, "fields": {"name": "Distributed Systems (BSCS)", "course": 11}}, {"model": "accounts.skill", "pk": 763, "fields": {"name": "Operating Systems (BSCS)", "course": 11}}, {"model": "accounts.skill", "pk": 764, "fields": {"name": "Compiler Design (BSCS)", "course": 11}}, {"model": "accounts.skill", "pk": 765, "fields": {"name": "Theory of Computation (BSCS)", "course": 11}}, {"model": "accounts.skill", "pk": 766, "fields": {"name": "Algorithm Design (BSCS)", "course": 11}}, {"model": "accounts.skill", "pk": 767, "fields": {"name": "Database Systems (BSCS)", "course": 11}}, {"model": "accounts.skill", "pk": 768, "fields": {"name": "Web Technologies (BSCS)", "course": 11}}, {"model": "accounts.skill", "pk": 769, "fields": {"name": "Mobile Computing (BSCS)", "course": 11}}, {"model": "accounts.skill", "pk": 770, "fields": {"name": "Game Development (BSCS)", "course": 11}}, {"model": "accounts.skill", "pk": 771, "fields": {"name": "Cloud Platforms (BSCS)", "course": 11}}, {"model": "accounts.skill", "pk": 772, "fields": {"name": "Network Programming (BSCS)", "course": 11}}, {"model": "accounts.skill", "pk": 773, "fields": {"name": "Parallel Computing (BSCS)", "course": 11}}, {"model": "accounts.skill", "pk": 774, "fields": {"name": "Cybersecurity (BSCS)", "course": 11}}, {"model": "accounts.skill", "pk": 775, "fields": {"name": "Programming Languages (BSCS)", "course": 11}}, {"model": "accounts.skill", "pk": 776, "fields": {"name": "Data Mining (BSCS)", "course": 11}}, {"model": "accounts.skill", "pk": 777, "fields": {"name": "Big Data (BSCS)", "course": 11}}, {"model": "accounts.skill", "pk": 778, "fields": {"name": "Human-Computer Interaction (BSCS)", "course": 11}}, {"model": "accounts.skill", "pk": 779, "fields": {"name": "Robotics (BSCS)", "course": 11}}, {"model": "accounts.skill", "pk": 780, "fields": {"name": "Bioinformatics (BSCS)", "course": 11}}, {"model": "accounts.skill", "pk": 781, "fields": {"name": "Information Retrieval (BSCS)", "course": 11}}, {"model": "accounts.skill", "pk": 782, "fields": {"name": "Software Testing (BSCS)", "course": 11}}, {"model": "accounts.skill", "pk": 783, "fields": {"name": "Embedded Systems (BSCS)", "course": 11}}, {"model": "accounts.skill", "pk": 784, "fields": {"name": "Graphics Programming (BSCS)", "course": 11}}, {"model": "accounts.skill", "pk": 785, "fields": {"name": "Quantum Computing (BSCS)", "course": 11}}, {"model": "accounts.skill", "pk": 786, "fields": {"name": "Psychological Assessment (BSPSY)", "course": 30}}, {"model": "accounts.skill", "pk": 787, "fields": {"name": "Counseling Skills (BSPSY)", "course": 30}}, {"model": "accounts.skill", "pk": 788, "fields": {"name": "Research Methods (BSPSY)", "course": 30}}, {"model": "accounts.skill", "pk": 789, "fields": {"name": "Clinical Psychology (BSPSY)", "course": 30}}, {"model": "accounts.skill", "pk": 790, "fields": {"name": "Developmental Psychology (BSPSY)", "course": 30}}, {"model": "accounts.skill", "pk": 791, "fields": {"name": "Abnormal Psychology (BSPSY)", "course": 30}}, {"model": "accounts.skill", "pk": 792, "fields": {"name": "Social Psychology (BSPSY)", "course": 30}}, {"model": "accounts.skill", "pk": 793, "fields": {"name": "Industrial Psychology (BSPSY)", "course": 30}}, {"model": "accounts.skill", "pk": 794, "fields": {"name": "Educational Psychology (BSPSY)", "course": 30}}, {"model": "accounts.skill", "pk": 795, "fields": {"name": "Statistics (BSPSY)", "course": 30}}, {"model": "accounts.skill", "pk": 796, "fields": {"name": "Test Construction (BSPSY)", "course": 30}}, {"model": "accounts.skill", "pk": 797, "fields": {"name": "Interviewing Skills (BSPSY)", "course": 30}}, {"model": "accounts.skill", "pk": 798, "fields": {"name": "Group Dynamics (BSPSY)", "course": 30}}, {"model": "accounts.skill", "pk": 799, "fields": {"name": "Personality Theories (BSPSY)", "course": 30}}, {"model": "accounts.skill", "pk": 800, "fields": {"name": "Cognitive Psychology (BSPSY)", "course": 30}}, {"model": "accounts.skill", "pk": 801, "fields": {"name": "Behavior Modification (BSPSY)", "course": 30}}, {"model": "accounts.skill", "pk": 802, "fields": {"name": "Crisis Intervention (BSPSY)", "course": 30}}, {"model": "accounts.skill", "pk": 803, "fields": {"name": "Psychotherapy (BSPSY)", "course": 30}}, {"model": "accounts.skill", "pk": 804, "fields": {"name": "Mental Health Awareness (BSPSY)", "course": 30}}, {"model": "accounts.skill", "pk": 805, "fields": {"name": "Case Management (BSPSY)", "course": 30}}, {"model": "accounts.skill", "pk": 806, "fields": {"name": "Report Writing (BSPSY)", "course": 30}}, {"model": "accounts.skill", "pk": 807, "fields": {"name": "Ethics in Psychology (BSPSY)", "course": 30}}, {"model": "accounts.skill", "pk": 808, "fields": {"name": "Community Psychology (BSPSY)", "course": 30}}, {"model": "accounts.skill", "pk": 809, "fields": {"name": "Forensic Psychology (BSPSY)", "course": 30}}, {"model": "accounts.skill", "pk": 810, "fields": {"name": "Neuropsychology (BSPSY)", "course": 30}}, {"model": "accounts.skill", "pk": 811, "fields": {"name": "Child Psychology (BSPSY)", "course": 30}}, {"model": "accounts.skill", "pk": 812, "fields": {"name": "Aging and Psychology (BSPSY)", "course": 30}}, {"model": "accounts.skill", "pk": 813, "fields": {"name": "Health Psychology (BSPSY)", "course": 30}}, {"model": "accounts.skill", "pk": 814, "fields": {"name": "Cross-cultural Psychology (BSPSY)", "course": 30}}, {"model": "accounts.skill", "pk": 815, "fields": {"name": "Program Evaluation (BSPSY)", "course": 30}}, {"model": "accounts.skill", "pk": 816, "fields": {"name": "Criminal Law (BSCRIM)", "course": 31}}, {"model": "accounts.skill", "pk": 817, "fields": {"name": "Forensic Science (BSCRIM)", "course": 31}}, {"model": "accounts.skill", "pk": 818, "fields": {"name": "Investigation Techniques (BSCRIM)", "course": 31}}, {"model": "accounts.skill", "pk": 819, "fields": {"name": "Criminological Research (BSCRIM)", "course": 31}}, {"model": "accounts.skill", "pk": 820, "fields": {"name": "Police Administration (BSCRIM)", "course": 31}}, {"model": "accounts.skill", "pk": 821, "fields": {"name": "Law Enforcement (BSCRIM)", "course": 31}}, {"model": "accounts.skill", "pk": 822, "fields": {"name": "Self-defense (BSCRIM)", "course": 31}}, {"model": "accounts.skill", "pk": 823, "fields": {"name": "Firearms Proficiency (BSCRIM)", "course": 31}}, {"model": "accounts.skill", "pk": 824, "fields": {"name": "Crime Scene Management (BSCRIM)", "course": 31}}, {"model": "accounts.skill", "pk": 825, "fields": {"name": "Court Testimony (BSCRIM)", "course": 31}}, {"model": "accounts.skill", "pk": 826, "fields": {"name": "Security Management (BSCRIM)", "course": 31}}, {"model": "accounts.skill", "pk": 827, "fields": {"name": "Traffic Management (BSCRIM)", "course": 31}}, {"model": "accounts.skill", "pk": 828, "fields": {"name": "Correctional Administration (BSCRIM)", "course": 31}}, {"model": "accounts.skill", "pk": 829, "fields": {"name": "Juvenile Justice (BSCRIM)", "course": 31}}, {"model": "accounts.skill", "pk": 830, "fields": {"name": "Victimology (BSCRIM)", "course": 31}}, {"model": "accounts.skill", "pk": 831, "fields": {"name": "Cybercrime (BSCRIM)", "course": 31}}, {"model": "accounts.skill", "pk": 832, "fields": {"name": "Community Policing (BSCRIM)", "course": 31}}, {"model": "accounts.skill", "pk": 833, "fields": {"name": "Human Rights (BSCRIM)", "course": 31}}, {"model": "accounts.skill", "pk": 834, "fields": {"name": "Disaster Response (BSCRIM)", "course": 31}}, {"model": "accounts.skill", "pk": 835, "fields": {"name": "Drug Education (BSCRIM)", "course": 31}}, {"model": "accounts.skill", "pk": 836, "fields": {"name": "Report Writing (BSCRIM)", "course": 31}}, {"model": "accounts.skill", "pk": 837, "fields": {"name": "Interview and Interrogation (BSCRIM)", "course": 31}}, {"model": "accounts.skill", "pk": 838, "fields": {"name": "Fingerprint Analysis (BSCRIM)", "course": 31}}, {"model": "accounts.skill", "pk": 839, "fields": {"name": "Ballistics (BSCRIM)", "course": 31}}, {"model": "accounts.skill", "pk": 840, "fields": {"name": "Lie Detection (BSCRIM)", "course": 31}}, {"model": "accounts.skill", "pk": 841, "fields": {"name": "Surveillance (BSCRIM)", "course": 31}}, {"model": "accounts.skill", "pk": 842, "fields": {"name": "Evidence Handling (BSCRIM)", "course": 31}}, {"model": "accounts.skill", "pk": 843, "fields": {"name": "Legal Procedures (BSCRIM)", "course": 31}}, {"model": "accounts.skill", "pk": 844, "fields": {"name": "Crisis Negotiation (BSCRIM)", "course": 31}}, {"model": "accounts.skill", "pk": 845, "fields": {"name": "Public Safety (BSCRIM)", "course": 31}}, {"model": "accounts.skill", "pk": 846, "fields": {"name": "Algebra (BSED_MATH)", "course": 32}}, {"model": "accounts.skill", "pk": 847, "fields": {"name": "Geometry (BSED_MATH)", "course": 32}}, {"model": "accounts.skill", "pk": 848, "fields": {"name": "Trigonometry (BSED_MATH)", "course": 32}}, {"model": "accounts.skill", "pk": 849, "fields": {"name": "Calculus (BSED_MATH)", "course": 32}}, {"model": "accounts.skill", "pk": 850, "fields": {"name": "Statistics (BSED_MATH)", "course": 32}}, {"model": "accounts.skill", "pk": 851, "fields": {"name": "Mathematical Proofs (BSED_MATH)", "course": 32}}, {"model": "accounts.skill", "pk": 852, "fields": {"name": "Number Theory (BSED_MATH)", "course": 32}}, {"model": "accounts.skill", "pk": 853, "fields": {"name": "Linear Algebra (BSED_MATH)", "course": 32}}, {"model": "accounts.skill", "pk": 854, "fields": {"name": "Differential Equations (BSED_MATH)", "course": 32}}, {"model": "accounts.skill", "pk": 855, "fields": {"name": "Math Modeling (BSED_MATH)", "course": 32}}, {"model": "accounts.skill", "pk": 856, "fields": {"name": "Math Lesson Planning (BSED_MATH)", "course": 32}}, {"model": "accounts.skill", "pk": 857, "fields": {"name": "Classroom Management (BSED_MATH)", "course": 32}}, {"model": "accounts.skill", "pk": 858, "fields": {"name": "Assessment Design (BSED_MATH)", "course": 32}}, {"model": "accounts.skill", "pk": 859, "fields": {"name": "Math Technology Tools (BSED_MATH)", "course": 32}}, {"model": "accounts.skill", "pk": 860, "fields": {"name": "Math Curriculum (BSED_MATH)", "course": 32}}, {"model": "accounts.skill", "pk": 861, "fields": {"name": "Problem Solving (BSED_MATH)", "course": 32}}, {"model": "accounts.skill", "pk": 862, "fields": {"name": "Math Communication (BSED_MATH)", "course": 32}}, {"model": "accounts.skill", "pk": 863, "fields": {"name": "Math Research (BSED_MATH)", "course": 32}}, {"model": "accounts.skill", "pk": 864, "fields": {"name": "Math Remediation (BSED_MATH)", "course": 32}}, {"model": "accounts.skill", "pk": 865, "fields": {"name": "Math Games (BSED_MATH)", "course": 32}}, {"model": "accounts.skill", "pk": 866, "fields": {"name": "Math History (BSED_MATH)", "course": 32}}, {"model": "accounts.skill", "pk": 867, "fields": {"name": "Math for Early Grades (BSED_MATH)", "course": 32}}, {"model": "accounts.skill", "pk": 868, "fields": {"name": "Math for Secondary (BSED_MATH)", "course": 32}}, {"model": "accounts.skill", "pk": 869, "fields": {"name": "Math for College (BSED_MATH)", "course": 32}}, {"model": "accounts.skill", "pk": 870, "fields": {"name": "Math in Real Life (BSED_MATH)", "course": 32}}, {"model": "accounts.skill", "pk": 871, "fields": {"name": "Math Project Work (BSED_MATH)", "course": 32}}, {"model": "accounts.skill", "pk": 872, "fields": {"name": "Math Olympiad Coaching (BSED_MATH)", "course": 32}}, {"model": "accounts.skill", "pk": 873, "fields": {"name": "Math Anxiety Reduction (BSED_MATH)", "course": 32}}, {"model": "accounts.skill", "pk": 874, "fields": {"name": "Math Tutoring (BSED_MATH)", "course": 32}}, {"model": "accounts.skill", "pk": 875, "fields": {"name": "Math Evaluation (BSED_MATH)", "course": 32}}, {"model": "accounts.skill", "pk": 876, "fields": {"name": "English Grammar (BSED_ENG)", "course": 33}}, {"model": "accounts.skill", "pk": 877, "fields": {"name": "Literature Analysis (BSED_ENG)", "course": 33}}, {"model": "accounts.skill", "pk": 878, "fields": {"name": "Creative Writing (BSED_ENG)", "course": 33}}, {"model": "accounts.skill", "pk": 879, "fields": {"name": "Speech Communication (BSED_ENG)", "course": 33}}, {"model": "accounts.skill", "pk": 880, "fields": {"name": "Language Assessment (BSED_ENG)", "course": 33}}, {"model": "accounts.skill", "pk": 881, "fields": {"name": "English Lesson Planning (BSED_ENG)", "course": 33}}, {"model": "accounts.skill", "pk": 882, "fields": {"name": "Classroom Management (BSED_ENG)", "course": 33}}, {"model": "accounts.skill", "pk": 883, "fields": {"name": "English Curriculum (BSED_ENG)", "course": 33}}, {"model": "accounts.skill", "pk": 884, "fields": {"name": "Reading Strategies (BSED_ENG)", "course": 33}}, {"model": "accounts.skill", "pk": 885, "fields": {"name": "Essay Writing (BSED_ENG)", "course": 33}}, {"model": "accounts.skill", "pk": 886, "fields": {"name": "Research Skills (BSED_ENG)", "course": 33}}, {"model": "accounts.skill", "pk": 887, "fields": {"name": "Public Speaking (BSED_ENG)", "course": 33}}, {"model": "accounts.skill", "pk": 888, "fields": {"name": "Debate (BSED_ENG)", "course": 33}}, {"model": "accounts.skill", "pk": 889, "fields": {"name": "Drama (BSED_ENG)", "course": 33}}, {"model": "accounts.skill", "pk": 890, "fields": {"name": "Linguistics (BSED_ENG)", "course": 33}}, {"model": "accounts.skill", "pk": 891, "fields": {"name": "Phonetics (BSED_ENG)", "course": 33}}, {"model": "accounts.skill", "pk": 892, "fields": {"name": "Language Acquisition (BSED_ENG)", "course": 33}}, {"model": "accounts.skill", "pk": 893, "fields": {"name": "English for Academic Purposes (BSED_ENG)", "course": 33}}, {"model": "accounts.skill", "pk": 894, "fields": {"name": "Technical Writing (BSED_ENG)", "course": 33}}, {"model": "accounts.skill", "pk": 895, "fields": {"name": "Editing (BSED_ENG)", "course": 33}}, {"model": "accounts.skill", "pk": 896, "fields": {"name": "English for Business (BSED_ENG)", "course": 33}}, {"model": "accounts.skill", "pk": 897, "fields": {"name": "English for Media (BSED_ENG)", "course": 33}}, {"model": "accounts.skill", "pk": 898, "fields": {"name": "English for Tourism (BSED_ENG)", "course": 33}}, {"model": "accounts.skill", "pk": 899, "fields": {"name": "English for Science (BSED_ENG)", "course": 33}}, {"model": "accounts.skill", "pk": 900, "fields": {"name": "English for Law (BSED_ENG)", "course": 33}}, {"model": "accounts.skill", "pk": 901, "fields": {"name": "English for IT (BSED_ENG)", "course": 33}}, {"model": "accounts.skill", "pk": 902, "fields": {"name": "English for Social Sciences (BSED_ENG)", "course": 33}}, {"model": "accounts.skill", "pk": 903, "fields": {"name": "English for Early Grades (BSED_ENG)", "course": 33}}, {"model": "accounts.skill", "pk": 904, "fields": {"name": "English for Secondary (BSED_ENG)", "course": 33}}, {"model": "accounts.skill", "pk": 905, "fields": {"name": "English for College (BSED_ENG)", "course": 33}}, {"model": "accounts.skill", "pk": 906, "fields": {"name": "Front Office Operations (BSHM)", "course": 15}}, {"model": "accounts.skill", "pk": 907, "fields": {"name": "Housekeeping (BSHM)", "course": 15}}, {"model": "accounts.skill", "pk": 908, "fields": {"name": "Food and Beverage Service (BSHM)", "course": 15}}, {"model": "accounts.skill", "pk": 909, "fields": {"name": "Culinary Arts (BSHM)", "course": 15}}, {"model": "accounts.skill", "pk": 910, "fields": {"name": "Event Management (BSHM)", "course": 15}}, {"model": "accounts.skill", "pk": 911, "fields": {"name": "Hotel Management (BSHM)", "course": 15}}, {"model": "accounts.skill", "pk": 912, "fields": {"name": "Customer Service (BSHM)", "course": 15}}, {"model": "accounts.skill", "pk": 913, "fields": {"name": "Bartending (BSHM)", "course": 15}}, {"model": "accounts.skill", "pk": 914, "fields": {"name": "Baking (BSHM)", "course": 15}}, {"model": "accounts.skill", "pk": 915, "fields": {"name": "Banquet Operations (BSHM)", "course": 15}}, {"model": "accounts.skill", "pk": 916, "fields": {"name": "Hospitality Marketing (BSHM)", "course": 15}}, {"model": "accounts.skill", "pk": 917, "fields": {"name": "Tourism Management (BSHM)", "course": 15}}, {"model": "accounts.skill", "pk": 918, "fields": {"name": "Travel Agency Operations (BSHM)", "course": 15}}, {"model": "accounts.skill", "pk": 919, "fields": {"name": "Resort Management (BSHM)", "course": 15}}, {"model": "accounts.skill", "pk": 920, "fields": {"name": "Hospitality Accounting (BSHM)", "course": 15}}, {"model": "accounts.skill", "pk": 921, "fields": {"name": "Hospitality Law (BSHM)", "course": 15}}, {"model": "accounts.skill", "pk": 922, "fields": {"name": "Hospitality HR (BSHM)", "course": 15}}, {"model": "accounts.skill", "pk": 923, "fields": {"name": "Hospitality IT (BSHM)", "course": 15}}, {"model": "accounts.skill", "pk": 924, "fields": {"name": "Hospitality Sales (BSHM)", "course": 15}}, {"model": "accounts.skill", "pk": 925, "fields": {"name": "Hospitality English (BSHM)", "course": 15}}, {"model": "accounts.skill", "pk": 926, "fields": {"name": "Wine Studies (BSHM)", "course": 15}}, {"model": "accounts.skill", "pk": 927, "fields": {"name": "Barista Skills (BSHM)", "course": 15}}, {"model": "accounts.skill", "pk": 928, "fields": {"name": "Menu Planning (BSHM)", "course": 15}}, {"model": "accounts.skill", "pk": 929, "fields": {"name": "Cost Control (BSHM)", "course": 15}}, {"model": "accounts.skill", "pk": 930, "fields": {"name": "Sustainable Tourism (BSHM)", "course": 15}}, {"model": "accounts.skill", "pk": 931, "fields": {"name": "Hospitality Entrepreneurship (BSHM)", "course": 15}}, {"model": "accounts.skill", "pk": 932, "fields": {"name": "Hospitality Research (BSHM)", "course": 15}}, {"model": "accounts.skill", "pk": 933, "fields": {"name": "Hospitality Training (BSHM)", "course": 15}}, {"model": "accounts.skill", "pk": 934, "fields": {"name": "Hospitality Safety (BSHM)", "course": 15}}, {"model": "accounts.skill", "pk": 935, "fields": {"name": "Hospitality Leadership (BSHM)", "course": 15}}, {"model": "accounts.skill", "pk": 936, "fields": {"name": "Marketing Research (BSBM_MKT)", "course": 34}}, {"model": "accounts.skill", "pk": 937, "fields": {"name": "Digital Marketing (BSBM_MKT)", "course": 34}}, {"model": "accounts.skill", "pk": 938, "fields": {"name": "Sales Management (BSBM_MKT)", "course": 34}}, {"model": "accounts.skill", "pk": 939, "fields": {"name": "Brand Management (BSBM_MKT)", "course": 34}}, {"model": "accounts.skill", "pk": 940, "fields": {"name": "Consumer Behavior (BSBM_MKT)", "course": 34}}, {"model": "accounts.skill", "pk": 941, "fields": {"name": "Advertising (BSBM_MKT)", "course": 34}}, {"model": "accounts.skill", "pk": 942, "fields": {"name": "Retail Management (BSBM_MKT)", "course": 34}}, {"model": "accounts.skill", "pk": 943, "fields": {"name": "Product Management (BSBM_MKT)", "course": 34}}, {"model": "accounts.skill", "pk": 944, "fields": {"name": "Market Analysis (BSBM_MKT)", "course": 34}}, {"model": "accounts.skill", "pk": 945, "fields": {"name": "Strategic Marketing (BSBM_MKT)", "course": 34}}, {"model": "accounts.skill", "pk": 946, "fields": {"name": "Public Relations (BSBM_MKT)", "course": 34}}, {"model": "accounts.skill", "pk": 947, "fields": {"name": "Event Marketing (BSBM_MKT)", "course": 34}}, {"model": "accounts.skill", "pk": 948, "fields": {"name": "Social Media Marketing (BSBM_MKT)", "course": 34}}, {"model": "accounts.skill", "pk": 949, "fields": {"name": "Content Creation (BSBM_MKT)", "course": 34}}, {"model": "accounts.skill", "pk": 950, "fields": {"name": "E-commerce (BSBM_MKT)", "course": 34}}, {"model": "accounts.skill", "pk": 951, "fields": {"name": "Business Analytics (BSBM_MKT)", "course": 34}}, {"model": "accounts.skill", "pk": 952, "fields": {"name": "Customer Relationship Management (BSBM_MKT)", "course": 34}}, {"model": "accounts.skill", "pk": 953, "fields": {"name": "Pricing Strategies (BSBM_MKT)", "course": 34}}, {"model": "accounts.skill", "pk": 954, "fields": {"name": "Distribution Management (BSBM_MKT)", "course": 34}}, {"model": "accounts.skill", "pk": 955, "fields": {"name": "International Marketing (BSBM_MKT)", "course": 34}}, {"model": "accounts.skill", "pk": 956, "fields": {"name": "Marketing Communications (BSBM_MKT)", "course": 34}}, {"model": "accounts.skill", "pk": 957, "fields": {"name": "Market Segmentation (BSBM_MKT)", "course": 34}}, {"model": "accounts.skill", "pk": 958, "fields": {"name": "Marketing Planning (BSBM_MKT)", "course": 34}}, {"model": "accounts.skill", "pk": 959, "fields": {"name": "Marketing Ethics (BSBM_MKT)", "course": 34}}, {"model": "accounts.skill", "pk": 960, "fields": {"name": "Marketing Law (BSBM_MKT)", "course": 34}}, {"model": "accounts.skill", "pk": 961, "fields": {"name": "Sales Forecasting (BSBM_MKT)", "course": 34}}, {"model": "accounts.skill", "pk": 962, "fields": {"name": "Trade Marketing (BSBM_MKT)", "course": 34}}, {"model": "accounts.skill", "pk": 963, "fields": {"name": "Channel Management (BSBM_MKT)", "course": 34}}, {"model": "accounts.skill", "pk": 964, "fields": {"name": "B2B Marketing (BSBM_MKT)", "course": 34}}, {"model": "accounts.skill", "pk": 965, "fields": {"name": "Service Marketing (BSBM_MKT)", "course": 34}}, {"model": "accounts.skill", "pk": 966, "fields": {"name": "Recruitment (BSBM_HR)", "course": 35}}, {"model": "accounts.skill", "pk": 967, "fields": {"name": "Training and Development (BSBM_HR)", "course": 35}}, {"model": "accounts.skill", "pk": 968, "fields": {"name": "Compensation and Benefits (BSBM_HR)", "course": 35}}, {"model": "accounts.skill", "pk": 969, "fields": {"name": "Labor Relations (BSBM_HR)", "course": 35}}, {"model": "accounts.skill", "pk": 970, "fields": {"name": "Performance Management (BSBM_HR)", "course": 35}}, {"model": "accounts.skill", "pk": 971, "fields": {"name": "HR Analytics (BSBM_HR)", "course": 35}}, {"model": "accounts.skill", "pk": 972, "fields": {"name": "Organizational Development (BSBM_HR)", "course": 35}}, {"model": "accounts.skill", "pk": 973, "fields": {"name": "Employee Engagement (BSBM_HR)", "course": 35}}, {"model": "accounts.skill", "pk": 974, "fields": {"name": "HR Policy (BSBM_HR)", "course": 35}}, {"model": "accounts.skill", "pk": 975, "fields": {"name": "HR Law (BSBM_HR)", "course": 35}}, {"model": "accounts.skill", "pk": 976, "fields": {"name": "HR Information Systems (BSBM_HR)", "course": 35}}, {"model": "accounts.skill", "pk": 977, "fields": {"name": "Talent Management (BSBM_HR)", "course": 35}}, {"model": "accounts.skill", "pk": 978, "fields": {"name": "Succession Planning (BSBM_HR)", "course": 35}}, {"model": "accounts.skill", "pk": 979, "fields": {"name": "Conflict Resolution (BSBM_HR)", "course": 35}}, {"model": "accounts.skill", "pk": 980, "fields": {"name": "Diversity Management (BSBM_HR)", "course": 35}}, {"model": "accounts.skill", "pk": 981, "fields": {"name": "Change Management (BSBM_HR)", "course": 35}}, {"model": "accounts.skill", "pk": 982, "fields": {"name": "Workforce Planning (BSBM_HR)", "course": 35}}, {"model": "accounts.skill", "pk": 983, "fields": {"name": "Job Analysis (BSBM_HR)", "course": 35}}, {"model": "accounts.skill", "pk": 984, "fields": {"name": "HR Branding (BSBM_HR)", "course": 35}}, {"model": "accounts.skill", "pk": 985, "fields": {"name": "HR Metrics (BSBM_HR)", "course": 35}}, {"model": "accounts.skill", "pk": 986, "fields": {"name": "Payroll Management (BSBM_HR)", "course": 35}}, {"model": "accounts.skill", "pk": 987, "fields": {"name": "Employee Relations (BSBM_HR)", "course": 35}}, {"model": "accounts.skill", "pk": 988, "fields": {"name": "HR Communication (BSBM_HR)", "course": 35}}, {"model": "accounts.skill", "pk": 989, "fields": {"name": "HR Compliance (BSBM_HR)", "course": 35}}, {"model": "accounts.skill", "pk": 990, "fields": {"name": "HR Auditing (BSBM_HR)", "course": 35}}, {"model": "accounts.skill", "pk": 991, "fields": {"name": "HR Risk Management (BSBM_HR)", "course": 35}}, {"model": "accounts.skill", "pk": 992, "fields": {"name": "HR for Startups (BSBM_HR)", "course": 35}}, {"model": "accounts.skill", "pk": 993, "fields": {"name": "HR for SMEs (BSBM_HR)", "course": 35}}, {"model": "accounts.skill", "pk": 994, "fields": {"name": "HR for Large Enterprises (BSBM_HR)", "course": 35}}, {"model": "accounts.skill", "pk": 995, "fields": {"name": "HR Project Management (BSBM_HR)", "course": 35}}, {"model": "accounts.studentprofile", "pk": 3, "fields": {"user": ["bc.vincehenry.deres@cvsu.edu.ph"], "student_id": "2022114256", "course": 10, "year_level": "3", "section": "A", "street": "123 Main", "barangay": "Central", "city": "Bacoor", "province": "Cavite", "phone_number": "09171234567", "latitude": "14.453528", "longitude": "120.965005", "ojt_status": "ONGOING", "ojt_hours_completed": 6, "cv": "", "is_profile_complete": false, "profile_image": "student_profiles/2x2_ID_PIC.jpg", "skills": [727, 728, 735, 741, 745, 747]}}, {"model": "accounts.studentprofile", "pk": 4, "fields": {"user": ["enoshimajunkodespair24@gmail.com"], "student_id": null, "course": 11, "year_level": "3", "section": "A", "street": "blk 1 lot 61", "barangay": "Molino VII", "city": "Bacoor", "province": "Cavite", "phone_number": "09494081708", "latitude": "14.369303", "longitude": "120.889043", "ojt_status": "LOOKING", "ojt_hours_completed": 0, "cv": "", "is_profile_complete": false, "profile_image": "", "skills": [756, 757, 758, 759]}}, {"model": "accounts.requireddocument", "pk": 15, "fields": {"name": "MOA", "description": "Memorandum of Agreement", "is_required": true, "template_file": "document_templates/CvSU_MOA_Template_Local_Student_Internship_revised_04212025_2_1_kDmx_wxFyw50.docx"}}, {"model": "accounts.adviserprofile", "pk": 2, "fields": {"user": ["adviser@cvsu.edu.ph"], "department": "IT Department", "sections": "A", "profile_image": "adviser_profiles/1614131872642.png", "phone_number": "09494081708", "office": "building 3", "year_levels": "1", "courses": [10]}}, {"model": "accounts.adviserprofile", "pk": 4, "fields": {"user": ["superadviser@test.com"], "department": "", "sections": "A", "profile_image": "", "phone_number": "", "office": "", "year_levels": "", "courses": [10, 11]}}, {"model": "accounts.adviserprofile", "pk": 5, "fields": {"user": ["adviser_bsit@cvsu.edu.ph"], "department": "OJT Department", "sections": "", "profile_image": "", "phone_number": "", "office": "", "year_levels": "", "courses": [10]}}, {"model": "accounts.adviserprofile", "pk": 6, "fields": {"user": ["adviser_bscs@cvsu.edu.ph"], "department": "OJT Department", "sections": "", "profile_image": "", "phone_number": "", "office": "", "year_levels": "", "courses": [11]}}, {"model": "accounts.adviserprofile", "pk": 7, "fields": {"user": ["adviser_bspsy@cvsu.edu.ph"], "department": "OJT Department", "sections": "", "profile_image": "", "phone_number": "", "office": "", "year_levels": "", "courses": [30]}}, {"model": "accounts.adviserprofile", "pk": 8, "fields": {"user": ["adviser_bscrim@cvsu.edu.ph"], "department": "OJT Department", "sections": "", "profile_image": "", "phone_number": "", "office": "", "year_levels": "", "courses": [31]}}, {"model": "accounts.adviserprofile", "pk": 9, "fields": {"user": ["adviser_bsed_math@cvsu.edu.ph"], "department": "OJT Department", "sections": "", "profile_image": "", "phone_number": "", "office": "", "year_levels": "", "courses": [32]}}, {"model": "accounts.adviserprofile", "pk": 10, "fields": {"user": ["adviser_bsed_eng@cvsu.edu.ph"], "department": "OJT Department", "sections": "", "profile_image": "", "phone_number": "", "office": "", "year_levels": "", "courses": [33]}}, {"model": "accounts.adviserprofile", "pk": 11, "fields": {"user": ["adviser_bshm@cvsu.edu.ph"], "department": "OJT Department", "sections": "", "profile_image": "", "phone_number": "", "office": "", "year_levels": "", "courses": [15]}}, {"model": "accounts.adviserprofile", "pk": 12, "fields": {"user": ["adviser_bsbm_mkt@cvsu.edu.ph"], "department": "OJT Department", "sections": "", "profile_image": "", "phone_number": "", "office": "", "year_levels": "", "courses": [34]}}, {"model": "accounts.adviserprofile", "pk": 13, "fields": {"user": ["adviser_bsbm_hr@cvsu.edu.ph"], "department": "OJT Department", "sections": "", "profile_image": "", "phone_number": "", "office": "", "year_levels": "", "courses": [35]}}, {"model": "accounts.coordinatorprofile", "pk": 2, "fields": {"user": ["coordinator@cvsu.edu.ph"], "department": "OJT Office", "profile_image": "", "phone_number": "09494081708", "office": "building 3"}}, {"model": "internship.company", "pk": 1, "fields": {"name": "Test Company", "description": "A test company for OJT", "company_type": "PRIVATE", "company_email": "company@test.com", "hr_email": "hr@test.com", "phone_number": "1234567890", "street": "123 Main", "barangay": "Central", "city": "Bacoor", "province": "Cavite", "latitude": "14.229400", "longitude": "120.936700", "status": "ACTIVE", "has_incentives": true, "incentives_details": "Allowance, Certificate", "logo": "", "banner_image": "", "created_at": "2025-06-24T03:47:28.574Z", "updated_at": "2025-06-24T03:47:28.574Z", "added_by": ["coordinator@cvsu.edu.ph"], "location_link": null}}, {"model": "internship.company", "pk": 2, "fields": {"name": "Alorica", "description": "sadsafsaf", "company_type": "PRIVATE", "company_email": "vincederes@gmail.com", "hr_email": "vincederes@gmail.com", "phone_number": "09494081708", "street": "blk 1 lot 61", "barangay": "Molino VII", "city": "Bacoor", "province": "Cavite", "latitude": "14.404584", "longitude": "120.928996", "status": "ACTIVE", "has_incentives": true, "incentives_details": "what what", "logo": "", "banner_image": "", "created_at": "2025-07-15T05:50:12.149Z", "updated_at": "2025-07-15T06:15:40.130Z", "added_by": ["coordinator@cvsu.edu.ph"], "location_link": "https://www.openstreetmap.org/?mlat=14.404584&mlon=120.928996#map=18/14.404584/120.928996"}}, {"model": "internship.internship", "pk": 1, "fields": {"company": 1, "title": "IT Internship", "description": "IT OJT", "is_active": true, "slots_available": 1, "created_at": "2025-06-24T03:47:28.720Z", "updated_at": "2025-06-24T03:47:29.131Z", "recommended_courses": [10], "required_skills": []}}, {"model": "internship.internship", "pk": 2, "fields": {"company": 2, "title": "programmer", "description": "djangdeveloper", "is_active": false, "slots_available": 3, "created_at": "2025-07-15T06:16:28.600Z", "updated_at": "2025-08-02T04:10:34.019Z", "recommended_courses": [10], "required_skills": [726, 727, 728, 737, 745]}}, {"model": "internship.internship", "pk": 3, "fields": {"company": 2, "title": "Programmer", "description": "wawafsgasg", "is_active": false, "slots_available": 1, "created_at": "2025-08-02T04:11:38.016Z", "updated_at": "2025-08-02T04:13:30.653Z", "recommended_courses": [10], "required_skills": [726, 727, 728, 729, 733, 745]}}, {"model": "internship.internship", "pk": 4, "fields": {"company": 2, "title": "Programmer", "description": "wawafsgasg", "is_active": false, "slots_available": 1, "created_at": "2025-08-02T04:11:49.625Z", "updated_at": "2025-12-03T03:11:25.057Z", "recommended_courses": [10, 11], "required_skills": []}}, {"model": "internship.internship", "pk": 5, "fields": {"company": 2, "title": "Programmer", "description": "wawafsgasg", "is_active": false, "slots_available": 1, "created_at": "2025-08-02T04:11:58.285Z", "updated_at": "2025-08-02T04:13:38.348Z", "recommended_courses": [10], "required_skills": []}}, {"model": "internship.internship", "pk": 6, "fields": {"company": 2, "title": "Programmer", "description": "wawafsgasg", "is_active": false, "slots_available": 1, "created_at": "2025-08-02T04:13:22.425Z", "updated_at": "2025-08-02T04:46:28.185Z", "recommended_courses": [10, 11], "required_skills": [726, 727, 728, 729, 730, 731, 732, 765, 770]}}, {"model": "internship.internship", "pk": 7, "fields": {"company": 2, "title": "python", "description": "asdasfasfasf", "is_active": false, "slots_available": 3, "created_at": "2025-08-02T04:47:07.398Z", "updated_at": "2025-08-02T05:04:34.045Z", "recommended_courses": [10], "required_skills": [726, 727, 728, 729, 730, 731, 732, 733, 734, 744, 745]}}, {"model": "internship.internship", "pk": 8, "fields": {"company": 2, "title": "programmer", "description": "fsafasgasgasgas", "is_active": true, "slots_available": 3, "created_at": "2025-08-02T05:04:59.871Z", "updated_at": "2025-08-02T05:04:59.871Z", "recommended_courses": [10], "required_skills": [726, 727, 728, 729, 730, 731, 732, 733, 734, 738, 743, 745]}}, {"model": "internship.internship", "pk": 9, "fields": {"company": 2, "title": "Programmer", "description": "Free pizza", "is_active": false, "slots_available": 2, "created_at": "2025-11-01T02:38:51.725Z", "updated_at": "2025-11-01T02:41:02.869Z", "recommended_courses": [], "required_skills": []}}, {"model": "internship.internship", "pk": 10, "fields": {"company": 2, "title": "programmer", "description": "sadasdasdsa", "is_active": true, "slots_available": 2, "created_at": "2025-11-01T02:41:34.032Z", "updated_at": "2025-11-01T02:41:34.032Z", "recommended_courses": [10], "required_skills": [726, 727, 728, 729, 730, 731, 732, 733, 734, 735, 736, 737]}}, {"model": "internship.application", "pk": 1, "fields": {"student": 3, "internship": 1, "status": "PENDING", "applied_at": "2025-06-24T03:47:29.320Z", "updated_at": "2025-07-01T01:35:36.041Z", "match_score": 100, "notes": "", "email_sent": false, "email_sent_at": null}}, {"model": "internship.application", "pk": 2, "fields": {"student": 3, "internship": 2, "status": "ACCEPTED", "applied_at": "2025-08-02T02:53:13.767Z", "updated_at": "2025-08-02T04:09:21.232Z", "match_score": 76, "notes": "", "email_sent": false, "email_sent_at": null}}, {"model": "internship.application", "pk": 3, "fields": {"student": 3, "internship": 6, "status": "PENDING", "applied_at": "2025-08-02T04:26:02.143Z", "updated_at": "2025-08-02T04:26:02.143Z", "match_score": 53, "notes": "", "email_sent": false, "email_sent_at": null}}, {"model": "internship.application", "pk": 4, "fields": {"student": 3, "internship": 7, "status": "PENDING", "applied_at": "2025-08-02T04:48:04.776Z", "updated_at": "2025-08-02T04:48:04.776Z", "match_score": 56, "notes": "", "email_sent": false, "email_sent_at": null}}, {"model": "internship.application", "pk": 5, "fields": {"student": 3, "internship": 8, "status": "PENDING", "applied_at": "2025-08-02T05:12:37.572Z", "updated_at": "2025-08-02T05:12:37.572Z", "match_score": 55, "notes": "", "email_sent": false, "email_sent_at": null}}, {"model": "internship.companyreview", "pk": 1, "fields": {"student": 3, "company": 1, "rating": 5, "comment": "Great company!", "is_anonymous": false, "created_at": "2025-06-24T03:47:29.540Z"}}, {"model": "internship.companyreview", "pk": 2, "fields": {"student": 3, "company": 2, "rating": 3, "comment": "goods na ya", "is_anonymous": true, "created_at": "2025-08-02T02:58:17.760Z"}}, {"model": "chat.chatroom", "pk": 1, "fields": {"name": "private_2_7", "created_at": "2025-06-24T03:50:29.183Z", "participants": [["vincederes@gmail.com"], ["coordinator@cvsu.edu.ph"]]}}, {"model": "chat.chatroom", "pk": 2, "fields": {"name": "private_7_8", "created_at": "2025-06-24T03:50:52.819Z", "participants": [["coordinator@cvsu.edu.ph"], ["adviser@cvsu.edu.ph"]]}}, {"model": "chat.chatroom", "pk": 3, "fields": {"name": "private_7_12", "created_at": "2025-06-27T03:17:28.003Z", "participants": [["coordinator@cvsu.edu.ph"], ["adviser_bsit@cvsu.edu.ph"]]}}, {"model": "chat.chatroom", "pk": 4, "fields": {"name": "private_7_13", "created_at": "2025-06-27T03:17:32.245Z", "participants": [["coordinator@cvsu.edu.ph"], ["adviser_bscs@cvsu.edu.ph"]]}}, {"model": "chat.chatroom", "pk": 5, "fields": {"name": "private_7_20", "created_at": "2025-06-27T03:29:27.716Z", "participants": [["coordinator@cvsu.edu.ph"], ["adviser_bsbm_hr@cvsu.edu.ph"]]}}, {"model": "chat.chatroom", "pk": 6, "fields": {"name": "private_7_17", "created_at": "2025-06-27T03:39:28.488Z", "participants": [["coordinator@cvsu.edu.ph"], ["adviser_bsed_eng@cvsu.edu.ph"]]}}, {"model": "chat.chatroom", "pk": 7, "fields": {"name": "private_7_14", "created_at": "2025-06-27T04:38:09.475Z", "participants": [["coordinator@cvsu.edu.ph"], ["adviser_bspsy@cvsu.edu.ph"]]}}, {"model": "chat.chatroom", "pk": 8, "fields": {"name": "private_7_16", "created_at": "2025-06-27T04:57:58.466Z", "participants": [["coordinator@cvsu.edu.ph"], ["adviser_bsed_math@cvsu.edu.ph"]]}}, {"model": "chat.chatroom", "pk": 9, "fields": {"name": "private_7_11", "created_at": "2025-06-27T06:44:01.002Z", "participants": [["coordinator@cvsu.edu.ph"], ["superadviser@test.com"]]}}, {"model": "chat.chatroom", "pk": 10, "fields": {"name": "private_9_11", "created_at": "2025-06-27T06:47:25.869Z", "participants": [["bc.vincehenry.deres@cvsu.edu.ph"], ["superadviser@test.com"]]}}, {"model": "chat.chatroom", "pk": 11, "fields": {"name": "private_8_9", "created_at": "2025-06-27T07:02:03.074Z", "participants": [["adviser@cvsu.edu.ph"], ["bc.vincehenry.deres@cvsu.edu.ph"]]}}, {"model": "chat.chatroom", "pk": 12, "fields": {"name": "private_7_9", "created_at": "2025-12-03T03:02:54.056Z", "participants": [["coordinator@cvsu.edu.ph"], ["bc.vincehenry.deres@cvsu.edu.ph"]]}}, {"model": "chat.message", "pk": 1, "fields": {"room": 1, "sender": ["coordinator@cvsu.edu.ph"], "content": "yo", "timestamp": "2025-06-27T04:37:11.130Z", "read_by": [["coordinator@cvsu.edu.ph"]]}}, {"model": "chat.message", "pk": 2, "fields": {"room": 1, "sender": ["coordinator@cvsu.edu.ph"], "content": "yo", "timestamp": "2025-06-27T04:37:17.143Z", "read_by": [["coordinator@cvsu.edu.ph"]]}}, {"model": "chat.message", "pk": 3, "fields": {"room": 3, "sender": ["coordinator@cvsu.edu.ph"], "content": "bro", "timestamp": "2025-06-27T04:37:45.522Z", "read_by": [["coordinator@cvsu.edu.ph"]]}}, {"model": "chat.message", "pk": 4, "fields": {"room": 3, "sender": ["coordinator@cvsu.edu.ph"], "content": "yea boi", "timestamp": "2025-06-27T04:37:51.337Z", "read_by": [["coordinator@cvsu.edu.ph"]]}}, {"model": "chat.message", "pk": 5, "fields": {"room": 4, "sender": ["coordinator@cvsu.edu.ph"], "content": "bruh", "timestamp": "2025-06-27T04:38:04.927Z", "read_by": [["coordinator@cvsu.edu.ph"]]}}, {"model": "chat.message", "pk": 6, "fields": {"room": 8, "sender": ["coordinator@cvsu.edu.ph"], "content": "yo", "timestamp": "2025-06-27T04:58:02.119Z", "read_by": [["coordinator@cvsu.edu.ph"]]}}, {"model": "chat.message", "pk": 7, "fields": {"room": 2, "sender": ["coordinator@cvsu.edu.ph"], "content": "bro", "timestamp": "2025-06-27T06:18:02.815Z", "read_by": [["coordinator@cvsu.edu.ph"], ["adviser@cvsu.edu.ph"]]}}, {"model": "chat.message", "pk": 8, "fields": {"room": 2, "sender": ["coordinator@cvsu.edu.ph"], "content": "yoo", "timestamp": "2025-06-27T06:18:07.963Z", "read_by": [["coordinator@cvsu.edu.ph"], ["adviser@cvsu.edu.ph"]]}}, {"model": "chat.message", "pk": 9, "fields": {"room": 2, "sender": ["coordinator@cvsu.edu.ph"], "content": "pogi ni vince henry deres", "timestamp": "2025-06-27T06:18:16.555Z", "read_by": [["coordinator@cvsu.edu.ph"], ["adviser@cvsu.edu.ph"]]}}, {"model": "chat.message", "pk": 10, "fields": {"room": 2, "sender": ["coordinator@cvsu.edu.ph"], "content": "may iisue po ako ang hirap mag code bwhahahaha", "timestamp": "2025-06-27T06:18:41.774Z", "read_by": [["coordinator@cvsu.edu.ph"], ["adviser@cvsu.edu.ph"]]}}, {"model": "chat.message", "pk": 11, "fields": {"room": 2, "sender": ["coordinator@cvsu.edu.ph"], "content": "yow", "timestamp": "2025-06-27T06:20:57.303Z", "read_by": [["coordinator@cvsu.edu.ph"], ["adviser@cvsu.edu.ph"]]}}, {"model": "chat.message", "pk": 12, "fields": {"room": 1, "sender": ["coordinator@cvsu.edu.ph"], "content": "oy!", "timestamp": "2025-06-27T06:21:37.363Z", "read_by": [["coordinator@cvsu.edu.ph"]]}}, {"model": "chat.message", "pk": 13, "fields": {"room": 11, "sender": ["bc.vincehenry.deres@cvsu.edu.ph"], "content": "bro", "timestamp": "2025-06-27T07:02:30.459Z", "read_by": [["adviser@cvsu.edu.ph"], ["bc.vincehenry.deres@cvsu.edu.ph"]]}}, {"model": "chat.message", "pk": 14, "fields": {"room": 10, "sender": ["bc.vincehenry.deres@cvsu.edu.ph"], "content": "bro", "timestamp": "2025-06-27T07:03:20.819Z", "read_by": [["bc.vincehenry.deres@cvsu.edu.ph"]]}}, {"model": "chat.message", "pk": 15, "fields": {"room": 2, "sender": ["adviser@cvsu.edu.ph"], "content": "yow", "timestamp": "2025-07-01T03:41:33.293Z", "read_by": [["adviser@cvsu.edu.ph"]]}}, {"model": "chat.message", "pk": 16, "fields": {"room": 11, "sender": ["adviser@cvsu.edu.ph"], "content": "yow", "timestamp": "2025-07-01T03:41:47.058Z", "read_by": [["adviser@cvsu.edu.ph"], ["bc.vincehenry.deres@cvsu.edu.ph"]]}}, {"model": "chat.message", "pk": 17, "fields": {"room": 11, "sender": ["bc.vincehenry.deres@cvsu.edu.ph"], "content": "yow", "timestamp": "2025-07-01T03:54:06.432Z", "read_by": [["adviser@cvsu.edu.ph"], ["bc.vincehenry.deres@cvsu.edu.ph"]]}}, {"model": "chat.message", "pk": 18, "fields": {"room": 11, "sender": ["bc.vincehenry.deres@cvsu.edu.ph"], "content": "bro", "timestamp": "2025-07-01T03:54:13.097Z", "read_by": [["adviser@cvsu.edu.ph"], ["bc.vincehenry.deres@cvsu.edu.ph"]]}}, {"model": "chat.message", "pk": 19, "fields": {"room": 11, "sender": ["bc.vincehenry.deres@cvsu.edu.ph"], "content": "yo", "timestamp": "2025-07-01T05:47:42.487Z", "read_by": [["adviser@cvsu.edu.ph"], ["bc.vincehenry.deres@cvsu.edu.ph"]]}}, {"model": "chat.message", "pk": 20, "fields": {"room": 11, "sender": ["bc.vincehenry.deres@cvsu.edu.ph"], "content": "bro", "timestamp": "2025-07-01T05:47:47.614Z", "read_by": [["adviser@cvsu.edu.ph"], ["bc.vincehenry.deres@cvsu.edu.ph"]]}}, {"model": "chat.message", "pk": 21, "fields": {"room": 11, "sender": ["bc.vincehenry.deres@cvsu.edu.ph"], "content": "eyy", "timestamp": "2025-07-01T05:47:57.745Z", "read_by": [["adviser@cvsu.edu.ph"], ["bc.vincehenry.deres@cvsu.edu.ph"]]}}, {"model": "chat.message", "pk": 22, "fields": {"room": 11, "sender": ["bc.vincehenry.deres@cvsu.edu.ph"], "content": "yo", "timestamp": "2025-07-01T05:48:11.568Z", "read_by": [["adviser@cvsu.edu.ph"], ["bc.vincehenry.deres@cvsu.edu.ph"]]}}, {"model": "chat.message", "pk": 23, "fields": {"room": 10, "sender": ["bc.vincehenry.deres@cvsu.edu.ph"], "content": "yo", "timestamp": "2025-07-01T05:48:25.459Z", "read_by": [["bc.vincehenry.deres@cvsu.edu.ph"]]}}, {"model": "chat.message", "pk": 24, "fields": {"room": 10, "sender": ["bc.vincehenry.deres@cvsu.edu.ph"], "content": "bro", "timestamp": "2025-07-01T05:48:50.712Z", "read_by": [["bc.vincehenry.deres@cvsu.edu.ph"]]}}, {"model": "chat.message", "pk": 25, "fields": {"room": 11, "sender": ["adviser@cvsu.edu.ph"], "content": "yo", "timestamp": "2025-08-14T02:38:28.972Z", "read_by": [["adviser@cvsu.edu.ph"]]}}, {"model": "chat.message", "pk": 26, "fields": {"room": 2, "sender": ["adviser@cvsu.edu.ph"], "content": "yo", "timestamp": "2025-08-14T02:38:49.180Z", "read_by": [["adviser@cvsu.edu.ph"]]}}, {"model": "chat.message", "pk": 27, "fields": {"room": 11, "sender": ["adviser@cvsu.edu.ph"], "content": "yo", "timestamp": "2025-08-14T02:52:21.102Z", "read_by": [["adviser@cvsu.edu.ph"]]}}, {"model": "chat.message", "pk": 28, "fields": {"room": 11, "sender": ["adviser@cvsu.edu.ph"], "content": "bro", "timestamp": "2025-08-14T02:52:33.566Z", "read_by": [["adviser@cvsu.edu.ph"]]}}, {"model": "chat.message", "pk": 29, "fields": {"room": 11, "sender": ["adviser@cvsu.edu.ph"], "content": "bro", "timestamp": "2025-08-14T02:52:47.814Z", "read_by": [["adviser@cvsu.edu.ph"]]}}, {"model": "chat.message", "pk": 30, "fields": {"room": 11, "sender": ["adviser@cvsu.edu.ph"], "content": "bro", "timestamp": "2025-08-14T02:57:29.920Z", "read_by": [["adviser@cvsu.edu.ph"]]}}, {"model": "chat.message", "pk": 31, "fields": {"room": 2, "sender": ["adviser@cvsu.edu.ph"], "content": "bro", "timestamp": "2025-08-14T02:57:45.846Z", "read_by": [["adviser@cvsu.edu.ph"]]}}, {"model": "chat.message", "pk": 32, "fields": {"room": 11, "sender": ["adviser@cvsu.edu.ph"], "content": "yo", "timestamp": "2025-08-14T03:03:12.284Z", "read_by": [["adviser@cvsu.edu.ph"]]}}, {"model": "chat.message", "pk": 33, "fields": {"room": 11, "sender": ["bc.vincehenry.deres@cvsu.edu.ph"], "content": "yo", "timestamp": "2025-12-03T03:02:26.904Z", "read_by": [["bc.vincehenry.deres@cvsu.edu.ph"]]}}, {"model": "chat.message", "pk": 34, "fields": {"room": 11, "sender": ["bc.vincehenry.deres@cvsu.edu.ph"], "content": "hehe", "timestamp": "2025-12-03T03:02:30.284Z", "read_by": [["bc.vincehenry.deres@cvsu.edu.ph"]]}}, {"model": "chat.message", "pk": 35, "fields": {"room": 12, "sender": ["bc.vincehenry.deres@cvsu.edu.ph"], "content": "hello", "timestamp": "2025-12-03T03:02:58.408Z", "read_by": [["bc.vincehenry.deres@cvsu.edu.ph"]]}}, {"model": "dashboard.dashboardstatistics", "pk": 1, "fields": {"date": "2025-06-24", "total_students": 1, "students_looking": 1, "students_waiting": 0, "students_ongoing": 0, "students_completed": 0, "total_companies": 1, "active_companies": 1, "total_internships": 1, "active_internships": 1, "total_applications": 1, "pending_applications": 1, "accepted_applications": 0, "rejected_applications": 0}}, {"model": "dashboard.dashboardstatistics", "pk": 2, "fields": {"date": "2025-06-27", "total_students": 1, "students_looking": 1, "students_waiting": 0, "students_ongoing": 0, "students_completed": 0, "total_companies": 1, "active_companies": 1, "total_internships": 1, "active_internships": 1, "total_applications": 1, "pending_applications": 1, "accepted_applications": 0, "rejected_applications": 0}}, {"model": "dashboard.dashboardstatistics", "pk": 3, "fields": {"date": "2025-07-01", "total_students": 1, "students_looking": 0, "students_waiting": 1, "students_ongoing": 0, "students_completed": 0, "total_companies": 1, "active_companies": 1, "total_internships": 1, "active_internships": 1, "total_applications": 1, "pending_applications": 1, "accepted_applications": 0, "rejected_applications": 0}}, {"model": "dashboard.dashboardstatistics", "pk": 4, "fields": {"date": "2025-07-03", "total_students": 1, "students_looking": 0, "students_waiting": 1, "students_ongoing": 0, "students_completed": 0, "total_companies": 1, "active_companies": 1, "total_internships": 1, "active_internships": 1, "total_applications": 1, "pending_applications": 1, "accepted_applications": 0, "rejected_applications": 0}}, {"model": "dashboard.dashboardstatistics", "pk": 5, "fields": {"date": "2025-07-10", "total_students": 1, "students_looking": 0, "students_waiting": 1, "students_ongoing": 0, "students_completed": 0, "total_companies": 1, "active_companies": 1, "total_internships": 1, "active_internships": 1, "total_applications": 1, "pending_applications": 1, "accepted_applications": 0, "rejected_applications": 0}}, {"model": "dashboard.dashboardstatistics", "pk": 6, "fields": {"date": "2025-07-15", "total_students": 3, "students_looking": 3, "students_waiting": 0, "students_ongoing": 0, "students_completed": 0, "total_companies": 2, "active_companies": 2, "total_internships": 2, "active_internships": 2, "total_applications": 1, "pending_applications": 1, "accepted_applications": 0, "rejected_applications": 0}}, {"model": "dashboard.dashboardstatistics", "pk": 7, "fields": {"date": "2025-08-02", "total_students": 3, "students_looking": 3, "students_waiting": 0, "students_ongoing": 0, "students_completed": 0, "total_companies": 2, "active_companies": 2, "total_internships": 7, "active_internships": 2, "total_applications": 4, "pending_applications": 3, "accepted_applications": 1, "rejected_applications": 0}}, {"model": "dashboard.dashboardstatistics", "pk": 8, "fields": {"date": "2025-08-04", "total_students": 3, "students_looking": 2, "students_waiting": 1, "students_ongoing": 0, "students_completed": 0, "total_companies": 2, "active_companies": 2, "total_internships": 8, "active_internships": 2, "total_applications": 5, "pending_applications": 4, "accepted_applications": 1, "rejected_applications": 0}}, {"model": "dashboard.dashboardstatistics", "pk": 9, "fields": {"date": "2025-08-05", "total_students": 3, "students_looking": 2, "students_waiting": 1, "students_ongoing": 0, "students_completed": 0, "total_companies": 2, "active_companies": 2, "total_internships": 8, "active_internships": 2, "total_applications": 5, "pending_applications": 4, "accepted_applications": 1, "rejected_applications": 0}}, {"model": "dashboard.dashboardstatistics", "pk": 10, "fields": {"date": "2025-08-13", "total_students": 3, "students_looking": 2, "students_waiting": 0, "students_ongoing": 0, "students_completed": 0, "total_companies": 2, "active_companies": 2, "total_internships": 8, "active_internships": 2, "total_applications": 5, "pending_applications": 4, "accepted_applications": 1, "rejected_applications": 0}}, {"model": "dashboard.dashboardstatistics", "pk": 11, "fields": {"date": "2025-08-14", "total_students": 3, "students_looking": 2, "students_waiting": 0, "students_ongoing": 0, "students_completed": 0, "total_companies": 2, "active_companies": 2, "total_internships": 8, "active_internships": 2, "total_applications": 5, "pending_applications": 4, "accepted_applications": 1, "rejected_applications": 0}}, {"model": "dashboard.dashboardstatistics", "pk": 12, "fields": {"date": "2025-08-19", "total_students": 2, "students_looking": 1, "students_waiting": 1, "students_ongoing": 0, "students_completed": 0, "total_companies": 2, "active_companies": 2, "total_internships": 8, "active_internships": 2, "total_applications": 5, "pending_applications": 4, "accepted_applications": 1, "rejected_applications": 0}}, {"model": "dashboard.dashboardstatistics", "pk": 13, "fields": {"date": "2025-10-23", "total_students": 2, "students_looking": 1, "students_waiting": 0, "students_ongoing": 1, "students_completed": 0, "total_companies": 2, "active_companies": 2, "total_internships": 8, "active_internships": 2, "total_applications": 5, "pending_applications": 4, "accepted_applications": 1, "rejected_applications": 0}}, {"model": "dashboard.dashboardstatistics", "pk": 14, "fields": {"date": "2025-11-01", "total_students": 2, "students_looking": 1, "students_waiting": 0, "students_ongoing": 1, "students_completed": 0, "total_companies": 2, "active_companies": 2, "total_internships": 10, "active_internships": 3, "total_applications": 5, "pending_applications": 4, "accepted_applications": 1, "rejected_applications": 0}}, {"model": "dashboard.dashboardstatistics", "pk": 15, "fields": {"date": "2025-11-20", "total_students": 2, "students_looking": 1, "students_waiting": 0, "students_ongoing": 1, "students_completed": 0, "total_companies": 2, "active_companies": 2, "total_internships": 10, "active_internships": 3, "total_applications": 5, "pending_applications": 4, "accepted_applications": 1, "rejected_applications": 0}}, {"model": "dashboard.dashboardstatistics", "pk": 16, "fields": {"date": "2025-11-30", "total_students": 2, "students_looking": 1, "students_waiting": 0, "students_ongoing": 1, "students_completed": 0, "total_companies": 2, "active_companies": 2, "total_internships": 10, "active_internships": 3, "total_applications": 5, "pending_applications": 4, "accepted_applications": 1, "rejected_applications": 0}}, {"model": "dashboard.dashboardstatistics", "pk": 17, "fields": {"date": "2025-12-01", "total_students": 2, "students_looking": 1, "students_waiting": 0, "students_ongoing": 1, "students_completed": 0, "total_companies": 2, "active_companies": 2, "total_internships": 10, "active_internships": 3, "total_applications": 5, "pending_applications": 4, "accepted_applications": 1, "rejected_applications": 0}}, {"model": "dashboard.dashboardstatistics", "pk": 18, "fields": {"date": "2025-12-02", "total_students": 2, "students_looking": 1, "students_waiting": 0, "students_ongoing": 1, "students_completed": 0, "total_companies": 2, "active_companies": 2, "total_internships": 10, "active_internships": 3, "total_applications": 5, "pending_applications": 4, "accepted_applications": 1, "rejected_applications": 0}}, {"model": "dashboard.dashboardstatistics", "pk": 19, "fields": {"date": "2025-12-03", "total_students": 2, "students_looking": 1, "students_waiting": 0, "students_ongoing": 1, "students_completed": 0, "total_companies": 2, "active_companies": 2, "total_internships": 10, "active_internships": 3, "total_applications": 5, "pending_applications": 4, "accepted_applications": 1, "rejected_applications": 0}}, {"model": "dashboard.dashboardstatistics", "pk": 20, "fields": {"date": "2025-12-05", "total_students": 2, "students_looking": 1, "students_waiting": 0, "students_ongoing": 1, "students_completed": 0, "total_companies": 2, "active_companies": 2, "total_internships": 10, "active_internships": 3, "total_applications": 5, "pending_applications": 4, "accepted_applications": 1, "rejected_applications": 0}}, {"model": "dashboard.report", "pk": 1, "fields": {"report_type": "STUDENT_LIST", "generated_by": ["coordinator@cvsu.edu.ph"], "generated_at": "2025-06-24T04:07:36.667Z", "file": "reports/student_list.xlsx", "preview_image": ""}}, {"model": "dashboard.report", "pk": 2, "fields": {"report_type": "OJT_TRACKING", "generated_by": ["coordinator@cvsu.edu.ph"], "generated_at": "2025-06-24T04:07:45.580Z", "file": "reports/ojt_tracking.xlsx", "preview_image": ""}}, {"model": "dashboard.report", "pk": 3, "fields": {"report_type": "APPLICATION_SUMMARY", "generated_by": ["coordinator@cvsu.edu.ph"], "generated_at": "2025-06-24T04:07:52.505Z", "file": "reports/application_summary.xlsx", "preview_image": ""}}, {"model": "dashboard.report", "pk": 4, "fields": {"report_type": "COMPANY_LIST", "generated_by": ["coordinator@cvsu.edu.ph"], "generated_at": "2025-07-15T07:48:34.894Z", "file": "reports/company_list.xlsx", "preview_image": ""}}, {"model": "dashboard.report", "pk": 5, "fields": {"report_type": "OJT_TRACKING", "generated_by": ["adviser@cvsu.edu.ph"], "generated_at": "2025-07-15T07:58:21.522Z", "file": "reports/ojt_tracking_whUBISR.xlsx", "preview_image": ""}}, {"model": "dashboard.report", "pk": 6, "fields": {"report_type": "STUDENT_LIST", "generated_by": ["adviser@cvsu.edu.ph"], "generated_at": "2025-08-13T05:53:06.968Z", "file": "reports/student_list_opHuwHz.xlsx", "preview_image": ""}}, {"model": "dashboard.report", "pk": 7, "fields": {"report_type": "STUDENT_LIST", "generated_by": ["adviser@cvsu.edu.ph"], "generated_at": "2025-08-13T08:00:33.872Z", "file": "reports/student_list_IQCqYKE.xlsx", "preview_image": ""}}, {"model": "account.emailaddress", "pk": 1, "fields": {"user": ["vincederes@gmail.com"], "email": "vincederes@gmail.com", "verified": false, "primary": true}}, {"model": "account.emailaddress", "pk": 2, "fields": {"user": ["vincehenryderes15@gmail.com"], "email": "vincehenryderes15@gmail.com", "verified": false, "primary": true}}, {"model": "account.emailaddress", "pk": 6, "fields": {"user": ["bc.vincehenry.deres@cvsu.edu.ph"], "email": "student@test.com", "verified": true, "primary": false}}, {"model": "account.emailaddress", "pk": 8, "fields": {"user": ["adviser@cvsu.edu.ph"], "email": "adviser@test.com", "verified": true, "primary": false}}, {"model": "account.emailaddress", "pk": 9, "fields": {"user": ["coordinator@cvsu.edu.ph"], "email": "coordinator@test.com", "verified": true, "primary": false}}, {"model": "account.emailaddress", "pk": 10, "fields": {"user": ["bc.vincehenry.deres@cvsu.edu.ph"], "email": "bc.vincehenry.deres@cvsu.edu.ph", "verified": true, "primary": false}}, {"model": "account.emailaddress", "pk": 11, "fields": {"user": ["adviser@cvsu.edu.ph"], "email": "adviser@cvsu.edu.ph", "verified": true, "primary": false}}, {"model": "account.emailaddress", "pk": 12, "fields": {"user": ["coordinator@cvsu.edu.ph"], "email": "coordinator@cvsu.edu.ph", "verified": true, "primary": false}}, {"model": "admin.logentry", "pk": 1, "fields": {"action_time": "2025-06-20T14:53:48.044Z", "user": ["deresvince@gmail.com"], "content_type": ["accounts", "user"], "object_id": "2", "object_repr": "zapdoszxc (OJT Adviser)", "action_flag": 2, "change_message": "[{\"changed\": {\"fields\": [\"User type\"]}}]"}}, {"model": "admin.logentry", "pk": 2, "fields": {"action_time": "2025-06-22T04:53:45.829Z", "user": ["deresvince@gmail.com"], "content_type": ["accounts", "user"], "object_id": "2", "object_repr": "zapdoszxc (OJT Adviser)", "action_flag": 2, "change_message": "[{\"changed\": {\"fields\": [\"First name\", \"Last name\"]}}]"}}, {"model": "admin.logentry", "pk": 3, "fields": {"action_time": "2025-07-10T03:24:54.227Z", "user": ["deresvince@gmail.com"], "content_type": ["accounts", "user"], "object_id": "21", "object_repr": "vncezxc (Student)", "action_flag": 3, "change_message": ""}}, {"model": "admin.logentry", "pk": 4, "fields": {"action_time": "2025-07-10T03:43:43.424Z", "user": ["deresvince@gmail.com"], "content_type": ["accounts", "user"], "object_id": "22", "object_repr": "zapdos (Student)", "action_flag": 3, "change_message": ""}}, {"model": "admin.logentry", "pk": 5, "fields": {"action_time": "2025-07-15T01:04:15.462Z", "user": ["deresvince@gmail.com"], "content_type": ["accounts", "user"], "object_id": "24", "object_repr": "bc.deres (Student)", "action_flag": 3, "change_message": ""}}, {"model": "admin.logentry", "pk": 6, "fields": {"action_time": "2025-07-15T01:55:26.648Z", "user": ["deresvince@gmail.com"], "content_type": ["accounts", "user"], "object_id": "25", "object_repr": "bc.deres (Student)", "action_flag": 3, "change_message": ""}}, {"model": "admin.logentry", "pk": 7, "fields": {"action_time": "2025-07-15T02:45:09.767Z", "user": ["deresvince@gmail.com"], "content_type": ["accounts", "user"], "object_id": "26", "object_repr": "bc.deres (Student)", "action_flag": 3, "change_message": ""}}, {"model": "admin.logentry", "pk": 8, "fields": {"action_time": "2025-07-15T04:09:29.563Z", "user": ["deresvince@gmail.com"], "content_type": ["accounts", "user"], "object_id": "9", "object_repr": "student (Student)", "action_flag": 2, "change_message": "[]"}}, {"model": "admin.logentry", "pk": 9, "fields": {"action_time": "2025-07-15T04:27:05.772Z", "user": ["deresvince@gmail.com"], "content_type": ["account", "emailaddress"], "object_id": "6", "object_repr": "student@test.com", "action_flag": 2, "change_message": "[{\"changed\": {\"fields\": [\"Verified\"]}}]"}}, {"model": "admin.logentry", "pk": 10, "fields": {"action_time": "2025-07-15T04:31:34.910Z", "user": ["deresvince@gmail.com"], "content_type": ["accounts", "user"], "object_id": "27", "object_repr": "bc.deres (Student)", "action_flag": 3, "change_message": ""}}, {"model": "admin.logentry", "pk": 11, "fields": {"action_time": "2025-07-15T04:54:17.727Z", "user": ["deresvince@gmail.com"], "content_type": ["account", "emailaddress"], "object_id": "7", "object_repr": "bc.vincehenry.deres@cvsu.edu.ph", "action_flag": 2, "change_message": "[{\"changed\": {\"fields\": [\"Verified\"]}}]"}}, {"model": "admin.logentry", "pk": 12, "fields": {"action_time": "2025-07-15T05:19:09.278Z", "user": ["deresvince@gmail.com"], "content_type": ["account", "emailaddress"], "object_id": "9", "object_repr": "coordinator@test.com", "action_flag": 2, "change_message": "[{\"changed\": {\"fields\": [\"Verified\"]}}]"}}, {"model": "admin.logentry", "pk": 13, "fields": {"action_time": "2025-07-15T05:19:15.174Z", "user": ["deresvince@gmail.com"], "content_type": ["account", "emailaddress"], "object_id": "8", "object_repr": "adviser@test.com", "action_flag": 2, "change_message": "[{\"changed\": {\"fields\": [\"Verified\"]}}]"}}, {"model": "admin.logentry", "pk": 14, "fields": {"action_time": "2025-08-02T04:45:01.104Z", "user": ["deresvince@gmail.com"], "content_type": ["account", "emailaddress"], "object_id": "10", "object_repr": "kousaki15@gmail.com", "action_flag": 2, "change_message": "[{\"changed\": {\"fields\": [\"Verified\"]}}]"}}, {"model": "admin.logentry", "pk": 15, "fields": {"action_time": "2025-08-14T03:46:44.327Z", "user": ["deresvince@gmail.com"], "content_type": ["accounts", "user"], "object_id": "28", "object_repr": "bc.deres (Student)", "action_flag": 3, "change_message": ""}}, {"model": "admin.logentry", "pk": 16, "fields": {"action_time": "2025-08-14T03:48:41.738Z", "user": ["deresvince@gmail.com"], "content_type": ["account", "emailaddress"], "object_id": "12", "object_repr": "coordinator@cvsu.edu.ph", "action_flag": 2, "change_message": "[{\"changed\": {\"fields\": [\"Verified\"]}}]"}}, {"model": "admin.logentry", "pk": 17, "fields": {"action_time": "2025-08-14T03:48:48.058Z", "user": ["deresvince@gmail.com"], "content_type": ["account", "emailaddress"], "object_id": "11", "object_repr": "adviser@cvsu.edu.ph", "action_flag": 2, "change_message": "[{\"changed\": {\"fields\": [\"Verified\"]}}]"}}, {"model": "admin.logentry", "pk": 18, "fields": {"action_time": "2025-08-14T03:48:59.219Z", "user": ["deresvince@gmail.com"], "content_type": ["account", "emailaddress"], "object_id": "10", "object_repr": "bc.vincehenry.deres@cvsu.edu.ph", "action_flag": 2, "change_message": "[{\"changed\": {\"fields\": [\"Email address\"]}}]"}}]